,標題,作者,日期
0,"
			
				(本文已被刪除) [pneumo]
			
			",-, 4/17
1,"
[情報] Jalen Green 將簽約發展聯盟
",Bainite, 4/17
2,"
			
				(本文已被刪除) [lwy012018]
			
			",-, 4/17
3,"
Re: [花邊] 雷槍：離開波士頓後 得到了太多仇恨以
",garraypierce, 4/17
4,"
Re: [討論] Phil Jackson&Steve Kerr被低估了對吧？
",Subaru5566, 4/17
5,"
[花邊] Curry對網路瘋傳模仿他跟KT打球影片的反應
",pneumo, 4/17
6,"
Re: [花邊] 雷槍：離開波士頓後 得到了太多仇恨以
",archzxc, 4/17
7,"
[討論] 為什麼伊古達拉的綽號是「Iggy」?
",Ayanami5566, 4/17
8,"
[討論] 騎士2.0哪一年的全力詹最扯?
",ganhua, 4/17
9,"
[花邊] 太陽主帥：我可能要探索著讓booker更多時
",ralfeistein, 4/17
10,"
[情報] 被評為前5強新秀　以色列超猛前鋒宣布投
",fukawa947, 4/17
11,"
[花邊] 仍很想念Kobe　俠客：不看今年名人堂典
",fukawa947, 4/17
12,"
[花邊] Iguodala:熱火會盡力滿足你的需要，幫助
",whj0530, 4/17
13,"
Re: [花邊] 太陽主帥：我可能要探索著讓booker更多時
",fatotaku, 4/17
14,"
[新聞] 後輩太歲頭上動土炫富 前隊友憶喬丹霸氣
",hide0325, 4/17
15,"
[新聞] 「美版陳時中」提出北美職業聯賽復賽方
",teramars, 4/17
16,"
[情報] Mike Conley 拿下HORSE投籃比賽冠軍
",thnlkj0665, 4/17
17,"
[討論] 06年世錦賽美國隊到底發生了什麼事？
",DarrenD, 4/17
18,"
Re: [花邊] 太陽主帥：我可能要探索著讓booker更多時
",akiyo791, 4/17
19,"
Re: [討論] 06年世錦賽美國隊到底發生了什麼事？
",gohit, 4/17
20,"
[公告] 板規v6.8
",Vedan, 5/24
21,"
[公告] 版主上任相關事項 
",qazwsx879345,10/25
22,"
[情報] SEASON Schedule 賽程 March 19–20
",Acetoxy, 3/02
23,"
[公告] 第一次被退文，可在三天後刪除退文
",Vedan, 3/09
24,"
[公告] 板務說明 (發錢)
",Vedan, 4/03
